,Neighborhood,Latitude,Longitude
0,Ballpark District,29.7542,-95.3533
1,Civic Center District,54.3982667,-126.6477077
2,Convention District,29.7549993,-95.3562914
3,Historic District,29.6681,-95.2802
4,Medical District,30.27506085,-97.7384809389329
5,Shopping District,29.7552,-95.3627
6,Skyline District,29.7598,-95.3633
7,Theater District,29.7610765,-95.3663638
8,Warehouse District,38.80425975,-77.04215495
9,Bellaire,29.6966201,-95.5752221
10,Braeburn/Willowbend,29.6733,-95.4399
11,EaDo/East End,29.7363,-95.3043
12,Fifth Ward,29.7801,-95.3271
13,Uptown/Galleria,29.7431372,-95.45887469053888
14,Garden Oaks/Oak Forest,29.8327,-95.4448
15,Heights/Timbergrove,29.8016,-95.4381
16,Medical Center/NRG Park,29.6851,-95.3993
17,Memorial Park/Washington Corridor,29.7771,-95.4355
18,Midtown,29.74141445,-95.35320136957628
19,Museum District,29.7247291,-95.3890526
20,River Oaks,29.7520887,-95.43787374349336
21,South Main/Central Southwest,29.6726,-95.4201
22,Third Ward/Hobby Airport,29.6459,-95.2769
23,Upper Kirby/Greenway Plaza,29.7329,-95.4334
24,West University/Rice Village,29.7167,-95.4169
25,Northside/Acres Homes,29.8707,-95.4365
26,Aldine,29.916612049999998,-95.40897697239915
27,Champions,29.9838299,-95.1378142
28,Conroe,30.317462,-95.462452
29,Crosby/Huffman,30.0244765,-95.0915068
30,Cypress,29.9691116,-95.6971686
31,Cypress Fairbanks,29.9273877,-95.58993173498854
32,North Houston District,29.944719,-95.41607390828516
33,Humble,29.5985645,-95.1857666
34,Jersey Village,29.8755047,-95.5523589
35,Kingwood,30.0497077,-95.1846301
36,Lake Houston,43.7632995,-91.5684764
37,Spring,29.7589382,-95.3676974
38,Tomball,30.0991292,-95.6158222
39,The Woodlands,30.158,-95.4894
40,Alvin,29.664187,-95.351006
41,Missouri City,29.5763,-95.537
42,Pearland,29.5650548,-95.3720176265762
43,Richmond,29.73086625,-95.46222200193793
44,Rosenberg,29.5540549,-95.8098683
45,Sugar Land,29.9301215,-95.53021857300811
46,Baytown,29.7450566,-94.9621894
47,Clear Lake,31.39842985,-95.71119340692772
48,Deer Park,30.03428975,-95.21876515066559
49,Friendswood,29.563707,-95.1741989
50,Galena Park,29.7320843,-95.245483
51,Galveston Island,29.6045119,-95.17780517720149
52,Kemah,29.542,-95.017
53,La Marque,29.36441,-94.986784
54,La Porte,29.706746,-95.236877
55,League City,29.511801,-95.097023
56,Nassau Bay,29.5501643,-95.0870048642127
57,Webster,29.75180815,-95.38262332322182
58,Galena Park,29.7320843,-95.245483
59,Alief,29.7110641,-95.5963337
60,Chinatown,29.705,-95.5453
61,Fulshear,29.6953875,-95.8971541
62,Katy,29.785982349999998,-95.4606472869117
63,Westchase,29.7293531,-95.57385660661714
